id,name,facebook_likes
1139,Brad Bird,663
741,Don Hall,38
1295,Rich Moore,66
2132,Dean DeBlois,255
1228,Jonathan Mostow,84
516,James Gunn,571
203,Hideaki Anno,28
2312,David Fincher,21000
1753,Matthew Vaughn,905
1317,Francis Lawrence,508
1123,Jon Turteltaub,226
13,Wolfgang Petersen,249
539,James Bobin,33
1987,Chris Miller,50
523,Duncan Jones,0
2238,Alan Taylor,230
25,Michael Apted,150
1365,Oliver Stone,0
2143,Eric Darnell,35
914,Shawn Levy,189
2032,Gavin Hood,151
1047,Chris Buck,69
46,George Miller,750
481,Ron Howard,2000
1419,Kenneth Branagh,0
1574,Byron Howard,59
1169,Hoyt Yeatman,12
429,Jonathan Liebesman,473
1296,Christopher McQuarrie,188
814,Joe Johnston,394
1367,Steve Hickner,58
819,Jennifer Yuh Nelson,90
1361,M. Night Shyamalan,0
173,Simon Wells,25
396,David Bowers,42
667,Joe Wright,456
705,Rob Minkoff,50
1054,Lee Tamahori,93
2147,Paul Feig,176
298,Alessandro Carloni,5
703,Peter Ramsey,52
1875,Dean Parisot,23
1764,Edward Zwick,380
943,Alex Proyas,295
1514,Richard Donner,503
1592,Jon M. Chu,209
2028,Breck Eisner,42
540,Hironobu Sakaguchi,6
1992,Peter Weir,608
772,Bill Condon,386
1717,Louis Leterrier,255
1354,Alejandro G. Irritu,0
1545,David Soren,13
824,Paul Greengrass,521
1924,Mark Osborne,54
158,Peyton Reed,235
1075,Tim Johnson,12
1265,Phillip Noyce,176
1491,Darren Aronofsky,0
731,Alfonso Cuarn,0
519,Gus Van Sant,835
1533,Eric Leighton,0
999,Matt Birch,0
2313,Tom McGrath,96
37,Chris Columbus,0
93,Robert Schwentke,124
332,Carlos Saldanha,107
1473,Guy Ritchie,0
415,Paul Verhoeven,719
2118,John McTiernan,323
1257,Tony Gilroy,209
809,Joel Schumacher,541
549,John Woo,610
1515,Tim Story,167
732,Mark Steven Johnson,160
2123,Neill Blomkamp,662
1516,David Twohy,123
2144,Jos Padilha,294
1626,James L. Brooks,274
182,James Mangold,446
1449,George Lucas,0
808,Kirk De Micco,16
509,Frdric Forestier,0
483,Cedric Nicolas-Troyan,19
1469,Roger Donaldson,79
1568,Dave Green,13
1914,Josh Trank,128
778,Brad Peyton,62
983,Roger Spottiswoode,55
2205,Steven Soderbergh,0
2138,Michel Gondry,1000
684,Noam Murro,263
610,Raja Gosnell,67
12,Will Finn,6
405,Jan de Bont,101
397,Len Wiseman,235
572,Frank Coraci,153
1508,Michael Mann,0
192,Bo Welch,34
1758,Ron Clements,63
1718,Peter Chelsom,23
930,Dominic Sena,57
1026,Frank Oz,0
1492,Tony Scott,12000
1585,Paul Weitz,80
2139,Adam McKay,285
1284,Chuck Russell,55
2289,Quentin Tarantino,16000
578,Gary Trousdale,21
1321,Mark Dindal,10
612,Simon West,165
1434,Stefen Fangmeier,14
953,Spike Jonze,0
2073,Chris Wedge,77
330,Florian Henckel von Donnersmarck,207
773,Peter Hyams,0
27,Tom Tykwer,670
2390,Pitof,26
318,Brad Silberling,52
2244,Patrick Hughes,385
1380,Ericson Core,19
1788,Lawrence Guterman,6
1594,Ron Underwood,31
957,Steve Martino,20
2100,David Mamet,342
214,Yimou Zhang,611
131,Ash Brannon,9
59,Danny DeVito,0
714,Jay Roach,116
474,Luc Besson,0
1101,Michael Patrick King,127
2131,Bibo Bergeron,10
658,Sergey Bodrov,44
23,Wally Pfister,0
1916,Rupert Wyatt,81
1907,Mark Waters,70
1097,John Moore,212
125,John Lee Hancock,102
1479,Renny Harlin,212
1802,Phil Lord,97
2391,Ben Stiller,0
810,Tony Bancroft,7
283,Timur Bekmambetov,335
521,Walt Becker,12
1904,Dennis Dugan,221
702,Sydney Pollack,521
1612,Thor Freudenthal,87
26,Brian De Palma,0
2344,Mick Jackson,81
1229,Alan J. Pakula,79
2346,Kathryn Bigelow,0
391,John Milius,468
884,Andrey Konchalovskiy,96
1076,Gary Ross,378
652,Paul W.S. Anderson,545
1587,Genndy Tartakovsky,266
2174,Kevin Lima,36
868,Daniel Espinosa,79
436,Nancy Meyers,278
1338,Roger Allers,28
817,Neil Burger,168
2194,Jean-Jacques Annaud,218
498,Sarah Smith,6
2038,Martin Brest,102
1154,Andrew Davis,99
1489,Bob Fosse,189
2173,Tarsem Singh,763
683,Edgar Wright,1000
1988,Jon Amiel,36
1267,Peter Segal,88
2367,Pete Travis,38
1678,George A. Romero,0
1206,Sylvester Stallone,13000
1513,Todd Phillips,480
110,Gary Winick,56
2087,Mimi Leder,75
1805,Seth Gordon,91
1127,Adam Shankman,163
186,D.J. Caruso,154
98,Anthony Minghella,333
1865,Albert Hughes,117
631,Les Mayfield,10
1336,Joe Pytka,30
194,Scott Derrickson,301
2082,Ivan Reitman,425
1086,Eric Brevig,40
1980,Kelly Asbury,21
1196,Stephen Hopkins,81
887,Jonathan Demme,438
384,Henry Jaglom,69
954,James Algar,11
1495,Vincent Ward,25
1824,Steven Brill,65
1427,Terry Gilliam,0
1649,Lucile Hadzihalilovic,92
2271,Barry Cook,43
959,Roger Christian,64
1490,Joe Dante,287
995,Kevin Costner,0
1133,Antony Hoffman,14
1393,Jacques Perrin,63
133,Andrs Couturier,0
2186,Cody Cameron,18
2092,John Singleton,309
304,Oliver Hirschbiegel,101
473,Des McAnuff,5
202,Yarrow Cheney,11
727,Stephen Norrington,45
1308,Pierre Coffin,275
779,David Kellogg,16
247,James Schamus,44
2293,Mike Nichols,0
1861,F. Gary Gray,473
1131,Antoine Fuqua,845
96,Robert Luketic,126
387,Gil Kenan,27
559,Barry Levinson,272
1724,Jerry Zucker,109
678,Andy Tennant,72
1950,Florent-Emilio Siri,17
752,Don Bluth,383
1725,Ron Shelton,41
1974,David Pastor,10
544,Henry Selick,253
1963,Kyle Balda,22
624,Clay Kaytis,6
840,Judd Apatow,0
1825,Steve Carr,41
2310,Mel Gibson,0
503,David Silverman,30
1933,Frank Darabont,0
324,Betty Thomas,84
512,Garry Marshall,0
325,Paul Tibbitt,5
935,Clark Johnson,69
1524,Cameron Crowe,488
1546,Randall Wallace,130
607,Jonathan Frakes,906
1457,George Clooney,0
1756,Gary Shore,28
1503,Andrzej Bartkowiak,43
2136,Mns Mrlind,24
986,Gregory Hoblit,40
1358,Gary McKendry,5
2246,Wych Kaosayananda,8
794,Mikael Salomon,13
593,Bobby Farrelly,101
1159,Kerry Conran,14
992,Michael Caton-Jones,105
273,Mikael Hfstrm,101
425,Phil Alden Robinson,31
1368,David Slade,171
924,Joseph Ruben,29
1552,Seth MacFarlane,3000
477,Alejandro Amenbar,448
75,Kinka Usher,18
715,Craig Gillespie,44
1310,Rob Bowman,38
504,Doug Lefler,4
1085,Scott Waugh,76
1953,Lawrence Kasdan,759
686,Michael Lembeck,54
1332,Tom Hooper,0
82,Nora Ephron,0
608,Angelina Jolie Pitt,11000
1828,Clint Eastwood,16000
233,Larry Charles,119
2292,Stanley Kubrick,0
1978,Will Gluck,87
1185,Glenn Ficarra,43
1103,David S. Goyer,687
753,Taylor Hackford,138
869,Michael Lehmann,36
136,Stuart Beattie,72
463,Roman Polanski,2000
1190,Frank Miller,436
1207,Baltasar Kormkur,175
287,Todd Graff,650
1177,Daniel Lee,10
1733,Keenen Ivory Wayans,322
411,Rob Reiner,0
1288,Marco Schnabel,12
2383,Demian Lichtenstein,11
1281,Josh Gordon,8
1390,Tim Hill,25
2371,David Frankel,64
775,Brenda Chapman,59
235,Marc Lawrence,30
723,Peter Billingsley,0
51,Wes Ball,47
263,Ryan Murphy,708
864,Robert Redford,0
2088,Alan Parker,317
1529,Jay Russell,13
1042,Kenny Ortega,197
1831,David McNally,18
1441,Brian Robbins,48
888,Brian Levant,32
1164,Steven Zaillian,234
920,Chris Butler,28
333,Jon Avnet,50
1145,Sam Fell,18
1167,Kevin Donovan,11
264,Geoff Murphy,14
466,Ang Lee,0
1775,David O. Russell,737
1060,Babak Najafi,24
973,Jean-Pierre Jeunet,0
1704,Graham Annable,7
530,Griffin Dunne,165
1254,John Pasquin,11
855,Ruben Fleischer,181
561,Harold Ramis,11000
2055,Kevin Macdonald,162
78,Donald Petrie,80
1921,Jorge Blanco,2
634,Stuart Baird,53
1740,Joel Coen,0
54,Robert Lorenz,39
690,Harold Becker,17
117,Scott Stewart,124
1947,Patrick Gilmore,0
2320,Tony Bill,23
2305,Rod Lurie,37
1187,Walter Hill,394
1808,Akiva Goldsman,167
48,Harald Zwart,91
249,Walter Salles,179
560,Iain Softley,34
262,David Koepp,192
673,Uwe Boll,892
151,Pou-Soi Cheang,3
1213,John Dahl,131
2176,Tim Miller,84
1414,Stephen Herek,65
848,Peter MacDonald,10
1146,Anthony Hemingway,143
1832,Sean Anders,51
1373,Mark Neveldine,83
314,John Madden,108
2192,Kevin Bray,10
545,Mike Gabriel,12
1062,Sam Weisman,39
307,Jesse Dylan,58
1364,Wayne Wang,61
2000,Gabriele Muccino,125
1333,Tom Dey,9
1084,Jimmy Hayward,39
2290,John Frankenheimer,287
1381,Paul King,17
420,Akiva Schaffer,82
1556,William Friedkin,607
1671,Kent Alterman,3
1818,Peter Lord,91
2262,Shekhar Kapur,159
2160,Karyn Kusama,45
1785,Ron Maxwell,33
363,Robert Butler,0
2036,Karey Kirkpatrick,11
510,Steve Antin,59
2226,Jim Gillespie,13
199,Francis Ford Coppola,0
97,Analeine Cal y Mayor,4
1506,Richard Lester,44
280,Scott Cooper,108
1799,Robert Rodriguez,0
2199,Curtis Hanson,161
537,Phyllida Lloyd,58
1175,Jay Chandrasekhar,422
1849,Terrence Malick,0
1268,Joel Paul Reisig,431
484,David Dobkin,71
2357,Milos Forman,869
769,Pierre Morel,180
1850,Paul Hunter,13
2079,Steve Oedekerk,176
633,John Whitesell,14
148,George Nolfi,53
1741,Matthew O'Callaghan,5
196,Neil Jordan,277
94,Rawson Marshall Thurber,43
479,Spike Lee,0
2329,Brian Helgeland,241
124,Frank Marshall,155
571,Hideo Nakata,62
1444,Peter Hewitt,12
2161,Joe Roth,148
209,Bennett Miller,152
895,Jaume Collet-Serra,174
2117,Andy Fickman,99
1589,James McTeigue,160
2005,Angela Robinson,23
1567,Gary Fleder,39
1058,Tommy Wirkola,75
378,Adrian Lyne,213
2052,Stephen Gaghan,79
1790,Jorge R. Gutirrez,34
1120,Richard Loncraine,12
2340,Christophe Gans,50
2128,Howard Deutch,41
949,Jon Hurwitz,22
858,Steven Quale,77
388,John Landis,644
1031,Alexander Witt,38
257,Beeban Kidron,17
2178,Carl Franklin,73
1377,Steven Seagal,0
57,Danny Boyle,0
1374,Andrew Bergman,31
2120,Barbet Schroeder,58
2065,Peter Webber,73
800,Andrew Niccol,487
1466,John Carpenter,0
1520,Wes Anderson,0
932,David Cronenberg,0
1323,John Stockwell,134
1590,David Gordon Green,234
820,Jim Sheridan,260
1494,Costa-Gavras,333
299,Patrick Read Johnson,32
36,Richard LaGravenese,98
2195,George Armitage,5
137,Patrick Lussier,71
1898,James Wong,70
200,Richard Curtis,628
1191,Chuck Bowman,42
1072,Olivier Megaton,118
760,Deepa Mehta,375
697,Warren Beatty,631
1304,Penny Marshall,545
132,Ted Kotcheff,270
2297,Andrei Tarkovsky,0
1094,Paul Bolger,0
2267,Stephen Frears,350
470,P.J. Hogan,29
375,Brad Furman,65
698,Terence Young,92
1507,David Zucker,119
590,Denis Villeneuve,777
2081,Thomas Carter,49
223,Roger Michell,50
587,Luis Llosa,49
2198,Melville Shavelson,5
1715,Garth Jennings,37
52,Joel Zwick,38
1629,Russell Mulcahy,85
1339,David R. Ellis,160
606,Peter Howitt,29
834,John A. Davis,8
534,David Lynch,0
2231,Julie Taymor,278
1194,Mathieu Kassovitz,326
2218,John Gray,29
291,John Schultz,13
908,Sean Penn,0
2287,Susan Stroman,38
2090,Simon Wincer,23
343,Billy Bob Thornton,0
407,Danny Pang,15
434,George P. Cosmatos,170
790,Oliver Parker,32
1691,Lawrence Kasanoff,11
2010,Ben Affleck,0
687,Brian Gibson,13
175,Norman Ferguson,3
1630,Michael Cimino,517
1409,Paul McGuigan,118
843,Roger Kumble,16
494,Burr Steers,23
1407,John Hamburg,29
1095,Reginald Hudlin,71
1780,Joseph L. Mankiewicz,311
2077,Barbra Streisand,0
836,Mark Pellington,89
1952,John Glen,46
835,Catherine Hardwicke,308
1067,John Herzfeld,17
2254,Annabel Jankel,5
547,Julie Anne Robinson,30
1690,Evan Goldberg,133
400,Sngmoo Lee,19
1518,Jamel Debbouze,326
377,Gordon Chan,4
1852,Asger Leth,20
1423,John G. Avildsen,80
115,Anne Fletcher,98
921,Bruce Beresford,78
584,Sam Taylor-Johnson,456
1719,Ken Kwapis,42
1842,Wes Craven,0
1537,Etan Cohen,164
915,Nick Cassavetes,415
1222,Nicholas Stoller,89
2182,Mark A.Z. Dipp,20
1834,Cal Brunker,7
1277,Nimrd Antal,190
316,Alejandro Agresti,18
597,Peter Hedges,54
2049,Paul Weiland,10
2204,Colin Strause,25
492,Joan Chen,643
80,Greg Mottola,99
1487,Jake Kasdan,52
1044,Diane Keaton,0
180,Kelly Makin,6
1363,Stephen Daldry,335
1929,Christian Duguay,18
1896,Justin Chadwick,56
2301,Pat O'Connor,7
145,C. Fraser Press,0
2026,Frederik Du Chau,7
1485,Irwin Winkler,34
1767,Joseph Kahn,33
990,Sofia Coppola,0
355,Stephen Kay,19
830,J.A. Bayona,171
807,Elaine May,124
267,Dennie Gordon,29
1370,Charles Shyer,14
718,Ulu Grosbard,22
1366,William Malone,37
277,Steve Rash,15
926,Malcolm D. Lee,92
1157,Jerry Jameson,5
1009,Mic Rodgers,7
2348,Christian Alvart,22
1376,Jean-Marie Poir,8
395,Marc F. Adler,0
1609,Geoffrey Sax,13
2106,Richard Shepard,47
1347,Peter Ho-Sun Chan,31
1658,Joon-ho Bong,584
1769,Jeff Nathanson,23
121,S.S. Rajamouli,50
163,Charles S. Dutton,534
792,Jonathan Lynn,36
1128,David Carson,18
4,Kar-Wai Wong,0
2114,Yuefeng Song,0
1830,Norman Jewison,278
250,David Mirkin,7
629,Luis Mandoki,43
1350,Lee Daniels,304
1692,Jeb Stuart,11
1355,Steve Miner,49
770,Paul Thomas Anderson,0
966,David Leland,2
2072,J Blakeson,5
1652,Ryan Coogler,0
408,Kirk Jones,52
616,Ethan Coen,1000
2145,Jennifer Flackett,3
725,Kevin Smith,0
1230,Christian Ditter,11
688,Charles Martin Smith,188
231,Fedor Bondarchuk,35
454,Irvin Kershner,883
892,Steve Pink,38
195,Scott Hicks,96
1214,Rania Attieh,0
1707,Chris Rock,0
2349,Wilson Yip,25
187,Robert Wise,338
934,Kevin Rodney Sullivan,8
1512,Kevin Munroe,14
2181,Michael Tollin,19
2259,Patrick Tatopoulos,148
1504,Gary David Goldberg,30
2223,Tobe Hooper,365
1269,Alan Poul,16
2110,Luke Greenfield,42
1458,Gil Junger,19
306,Michael Ritchie,23
650,Steven E. de Souza,133
860,Alexandre Aja,192
1050,Michael Rymer,48
69,Hugh Wilson,37
1256,Mike Hodges,24
438,Scott Mann,8
2029,Susanna White,24
457,Chris Carter,251
1387,Tommy O'Haver,13
1480,Peter Landesman,15
889,Gary Chapman,2
711,Craig Mazin,82
153,Allen Hughes,90
1452,Kimble Rendall,0
374,Peter Yates,170
1124,Lasse Hallstrm,529
1140,Jean-Marc Valle,212
478,Hark Tsui,85
826,Lexi Alexander,189
1946,Ronny Yu,31
1462,Bille August,55
696,Moustapha Akkad,278
1751,Jean-Paul Rappeneau,22
1481,Joachim Rnning,18
1860,Tony Kaye,194
1501,Ken Scott,31
1610,Hugh Johnson,3
981,Hayao Miyazaki,6000
1744,George Tillman Jr.,88
2075,Rand Ravich,7
993,Hugh Hudson,46
841,Jeremy Degruson,0
947,Chris Gorak,21
1292,Scott Speer,35
1447,Joe Charbanic,10
288,Jonathan Hensleigh,36
2207,Danny Cannon,41
850,Boaz Yakin,132
1777,Richard Marquand,37
476,Neil Marshall,197
1301,David Wain,136
762,Jared Hess,100
1135,Rupert Wainwright,9
785,John Luessenhop,34
2221,Justin Zackham,16
1270,John Gatins,61
2107,Miguel Sapochnik,238
138,Hyung-rae Shim,26
2215,Don Scardino,35
413,Tim Robbins,0
1712,Tom Reeve,0
1673,Nanette Burstein,8
365,Ariel Vromen,34
1709,Lewis Gilbert,43
756,John Francis Daley,0
911,J.B. Rogers,6
1280,Michael Sucsy,23
2276,Tom Vaughan,12
2150,Stephen Hillenburg,47
2309,Stig Bergqvist,0
535,Jason Reitman,655
146,Alexander Payne,729
1879,Jonathan Levine,129
570,Rian Johnson,0
1697,Chris Noonan,108
1746,Michael McCullers,5
751,Forest Whitaker,0
1182,Woody Allen,11000
1622,Peter Lepeniotis,7
1750,Ted Demme,47
1996,William Shatner,0
431,Steve Box,9
664,James Gartner,0
1602,Lee Toland Krieger,43
181,Tim McCanlies,23
1285,Drew Goddard,246
501,Jason Friedberg,82
2353,Paul Michael Glaser,343
1240,John R. Leonetti,40
1535,Tom Hanks,15000
435,Kimberly Peirce,108
1152,Liz Friedlander,3
252,Phil Joanou,21
142,Shane Acker,30
1759,Martha Coolidge,57
279,Stephen J. Anderson,15
1613,Troy Miller,14
2273,Tate Taylor,150
1595,Brett Leonard,32
2063,Alister Grierson,24
839,Nick Hurran,34
84,Charles Stone III,30
660,Paul Haggis,549
208,Kurt Wimmer,110
1672,Jean-Franois Richet,25
2375,Kevin Hooks,114
198,Ellory Elkayem,11
1247,Niki Caro,51
2351,Vincenzo Natali,165
1016,Willard Huyck,8
674,Gavin O'Connor,149
675,Bruce Hunt,2
2020,Chris Roberts,38
1183,Jee-woon Kim,419
2062,Nick Hamm,6
139,Andy Cadiff,3
900,Mike Disa,6
870,Richard J. Lewis,12
1935,Sergio Leone,0
234,Niels Arden Oplev,76
784,Michael Radford,53
1063,Steve Boyum,9
20,Kaige Chen,45
1266,Corey Yuen,23
847,Andrew Dominik,181
1093,Li Zhang,0
837,Laurent Tirard,2
1597,Reinhard Klooss,7
1356,Frdric Auburtin,18
149,Olivier Dahan,61
1275,Maksim Fadeev,0
2155,Liliana Cavani,59
853,Greg Tiernan,5
184,Elizabeth Banks,0
1544,Edward Norton,0
788,Ben Falcone,265
623,Richard Attenborough,0
428,Don Mancini,64
2043,John Maybury,11
334,Igor Kovalyov,5
2211,Shinji Aramaki,21
730,Miguel Arteta,44
156,James Gray,115
653,Janusz Kaminski,710
79,Robert B. Weide,53
2140,Jeff Wadlow,65
1271,Agustn Daz Yanes,13
1161,Camille Delamarre,11
937,David Lean,767
2017,Richard Eyre,14
1795,Nicholas Meyer,120
74,Callie Khouri,144
1855,Sanaa Hamri,43
63,Philip Kaufman,133
866,Saul Dibb,10
1863,Walter Murch,181
313,Richard Linklater,0
1287,E. Elias Merhige,54
282,Menno Meyjes,43
1250,Jodie Foster,0
1815,Scott Frank,71
108,Kevin Allen,8
91,Michael Cristofer,49
337,Andrew Morahan,5
2263,Bob Rafelson,30
823,Michael Cohn,2
1455,Alan Shapiro,0
925,Fernando Meirelles,353
2260,Michael Hoffman,97
426,Oleg Stepchenko,0
2057,Michael Winterbottom,187
2083,Michael Pressman,34
1705,Sharon Maguire,11
165,Charles Herman-Wurmfeld,0
713,Gabor Csupo,47
988,Tyler Perry,0
1893,Joe Carnahan,248
310,John Polson,21
1224,Bernardo Bertolucci,973
1559,Cathy Malkasian,0
1312,John Eng,0
1019,Chris Nahon,20
2146,Fred Wolf,29
2358,Bille Woodruff,23
24,Victor Salva,108
2234,Mark Helfrich,7
804,Steve Bendelack,68
2076,Dwight H. Little,27
1493,Guillaume Canet,0
577,Kirsten Sheridan,59
1539,Richard Fleischer,130
2041,Bob Spiers,14
1698,Damien Dante Wayans,82
2307,John Wells,53
1710,Tim Fywell,3
944,Nigel Cole,13
1400,Dexter Fletcher,452
409,Jeremy Leven,19
1645,Sylvain White,41
1412,Troy Nixey,24
1975,Philip G. Atwell,5
1786,Jeff Schaffer,17
614,Don Michael Paul,70
2274,James Bridges,21
1642,Steve Barron,48
1003,Bill Paxton,0
890,Richard Kelly,219
946,Carter Smith,27
1125,John Schlesinger,154
931,Ringo Lam,17
1730,Bruce McCulloch,54
32,Patricia Riggen,36
1989,Pascal Chaumeil,8
83,Jonathan Kaplan,57
55,Ole Bornedal,30
185,Richard Benjamin,121
236,Craig R. Baxley,22
601,John Hillcoat,214
1195,John Guillermin,71
1839,Marcos Siega,32
2342,Rachel Talalay,54
2080,Jeffrey W. Byrd,2
1809,Atom Egoyan,460
872,Robert Towne,162
1722,Giuseppe Tornatore,911
802,Werner Herzog,0
1436,Ben Stassen,4
354,Jrme Deschamps,0
1302,Inna Evlannikova,0
1262,Jonathan English,9
1596,Sergey Bondarchuk,27
1209,Teddy Chan,3
1868,Mario Van Peebles,535
638,Leonard Nimoy,12000
1404,Herbert Ross,71
2214,Bonnie Hunt,597
1079,Neil LaBute,119
1736,Grant Heslov,293
2012,George Gallo,269
1172,Sidney Lumet,0
2089,Douglas McGrath,41
296,Kevin Spacey,18000
1901,Richard Williams,18
1273,Mary McGuckian,6
2048,Tony Goldwyn,956
461,Jonathan Newman,3
2265,Michael Dinner,12
1073,Joseph Sargent,114
508,Jerry Zaks,4
2268,Fred Durst,258
695,Anne Fontaine,105
645,Jon Cassar,78
750,Mira Nair,300
643,Mel Brooks,0
1225,Russell Crowe,0
197,Jessie Nelson,24
1765,Christopher Spencer,25
1634,Mike Bigelow,2
1324,Daniel Sackheim,12
1055,Harry Elfont,4
1460,Uli Edel,34
917,Fred Dekker,87
5,Brian Trenchard-Smith,53
1870,Blake Edwards,688
1848,Laurence Dunmore,2
707,Christian Carion,13
360,David Palmer,21
2386,Rowan Joffe,17
1153,John Curran,43
1274,Juan Jos Campanella,195
1675,Trey Parker,406
833,Stuart Gillard,8
170,Katt Shea,52
253,Joshua Michael Stern,0
2129,Tomas Alfredson,140
33,John Duigan,18
2151,Colin Higgins,19
2111,Jim Sonzero,2
295,Penelope Spheeris,122
2299,Jeff Tremaine,79
1911,Jeannot Szwarc,82
1314,Steve McQueen,0
1985,Thea Sharrock,17
2216,Jon Lucas,24
962,Aaron Seltzer,64
595,Robin Budd,2
1052,Ava DuVernay,151
1637,Steve Trenbirth,0
2009,Mennan Yapo,9
1941,Jun Falkenstein,25
1028,Tom McCarthy,310
1170,Takashi Shimizu,70
1628,Gary Nelson,20
2341,Anton Corbijn,210
1403,Gregory Nava,16
1838,John Patrick Shanley,53
372,Joshua Logan,32
402,Steve Beck,17
2102,Todd Strauss-Schulson,12
2099,John McNaughton,39
1259,Nelson McCormick,29
1416,Eric Valette,2
188,Andrew Fleming,26
1706,Michael Spierig,35
1561,Jim Field Smith,14
258,Thomas Bezucha,15
918,William Brent Bell,19
969,Anthony Bell,0
1742,Jessica Bendinger,31
1679,Henry Joost,24
1798,Ed Harris,0
1899,Alfred Hitchcock,13000
87,Shana Feste,19
2356,Mike Binder,57
2363,Michael J. Bassett,83
716,Frank Nissen,0
1743,Stephen Chow,0
604,Peter Hastings,0
1043,Paul Abascal,2
381,Chris Koch,13
85,Amy Heckerling,143
471,Michael Moore,909
1378,George Stevens,126
898,Billy Ray,53
1000,Mark Mylod,20
1661,James Mather,4
2074,Michael O. Sajbel,6
270,Charles T. Kanganis,18
281,Damon Santostefano,4
251,Bob Clark,84
398,Dave Borthwick,3
761,Benson Lee,9
1549,Glen Morgan,17
1087,Mike Leigh,608
359,Alejandro Monteverde,38
1647,Jonathan Glazer,143
514,J.C. Chandor,78
1371,Paul Gross,329
1905,Marc Abraham,18
776,Todd Haynes,162
885,Mabrouk El Mechri,19
520,Charlie Kaufman,0
1967,Nancy Walker,42
2295,Angelo Pizzo,14
813,Matthew Diamond,12
1064,Katsuhiro tomo,78
2266,David Anspaugh,25
215,Andrew Jarecki,46
963,Daniel Algrant,3
1823,Jane Clark,23
1382,Mike Barker,5
2337,Wayne Thornley,0
766,Gnana Rajasekaran,0
1217,Tom Walsh,2
1362,Jonathan Jakubowicz,23
1394,Scott Walker,17
967,Mark Rosman,15
801,Rob Hawk,97
2243,Britt Allcroft,2
656,Alan Yuen,0
1973,Brian Percival,33
1425,Anand Tucker,14
2015,Anthony Mann,75
977,Michael Dowse,31
1604,Daniel Barnz,33
541,Emile Ardolino,22
2124,Robert Altman,500
1968,Andrew Douglas,15
90,Ricky Gervais,0
171,Vic Armstrong,179
485,Terry Zwigoff,72
989,Audrey Wells,22
1550,Rick Friedberg,8
1976,Sean McNamara,80
164,Jody Hill,62
1686,Brandon Camp,7
1820,Kevin Tancharoen,64
2097,Nicholas Hytner,13
938,Bart Freundlich,38
1467,William A. Fraker,28
1923,John Boorman,128
1766,Courtney Solomon,31
189,Jeff Kanew,6
1465,Istvn Szab,109
984,Matthew Robbins,25
699,Hal Needham,379
1964,Jeff Nichols,337
2237,Jonathan Teplitzky,6
1972,Michael Haneke,0
2368,Zack Ward,662
348,Mike Marvin,28
1853,Gregor Jordan,34
242,Tran Anh Hung,157
1526,Lance Hool,0
1263,Christian Volckman,2
178,Rodrigo Corts,89
2366,David Hayter,512
1800,Cory Edwards,19
68,Terry George,83
2213,Xavier Gens,87
1683,Kasi Lemmons,148
1821,Brian A Miller,32
369,Matt Dillon,0
798,George Cukor,165
903,John Hoffman,9
73,Kevin Greutert,52
1538,John Fortenberry,12
1726,Erik White,17
642,Chris Robinson,49
1791,Jason Moore,36
1897,Robert Harmon,11
2152,Trent Cooper,0
958,Gary Halvorson,11
2023,Nicholas Ray,117
135,Fede Alvarez,201
1108,Sidney J. Furie,22
1430,Ian Iqbal Rashid,8
2323,Wayne Kramer,47
1014,Rowdy Herrington,9
955,Jim Goddard,3
582,Noel Marshall,4
975,Andrea Di Stefano,30
1024,Guillaume Ivernel,0
1646,Jack Smight,22
2224,Todd Lincoln,57
2064,Howard Zieff,6
626,Steven Shainberg,30
1778,Julian Jarrold,11
1650,Joe Nussbaum,18
448,Vadim Perelman,26
1522,Peter Farrelly,137
179,Michel Hazanavicius,405
2208,Cyrus Nowrasteh,19
1979,Perry Andelin Blake,11
708,Christian E. Christiansen,26
781,Sheldon Lettich,23
550,Diane English,15
105,Peter Flinth,5
113,Robert Iscove,7
1685,Peter Kosminsky,7
406,Nick Gomez,22
968,Allen Coulter,47
58,Clare Kilner,6
238,Josef Rusnak,9
1745,Lance Rivera,3
1955,Ronald Neame,38
1264,Bruce Paltrow,28
849,Adam Rifkin,89
1027,Susanne Bier,369
2166,Kenneth Johnson,34
1396,James Ivory,133
475,Jessy Terrero,29
525,Dany Boon,172
497,Vicente Amorim,6
1847,Gaspar No,929
2121,Jrme Salle,22
2021,Tommy Lee Jones,0
2379,Jesse Vaughan,10
327,William Bindley,4
103,Wayne Beach,7
467,Grard Krawczyk,7
2027,Udayan Prasad,4
1,JK Youn,2
9,Morten Tyldum,77
2283,Andrs Muschietti,127
569,Gillian Armstrong,44
1066,James Watkins,43
1034,Jim Fall,13
1603,Ric Roman Waugh,29
1918,Michael Dougherty,66
2308,Joel Gallen,11
1651,James Marsh,120
166,Matt Williams,18
627,Rob Zombie,0
104,Dennis Iliadis,29
1215,Rick Rosenthal,28
1245,Denzel Washington,18000
2007,Nicolas Winding Refn,0
1655,Sara Sugarman,10
412,Juan Carlos Fresnadillo,35
1674,Gina Prince-Bythewood,107
1397,Phil Traill,3
1305,Joe Berlinger,31
591,Elizabeth Allen Rosenbaum,20
460,Michael Mayer,15
854,Martin Weisz,7
1306,John Ottman,83
141,John Bonito,8
919,Peter Atencio,10
1547,David Nutter,119
1641,Derek Cianfrance,310
159,Stephan Elliott,11
1165,Mark L. Lester,73
1340,Tom Green,374
2061,Mike Nawrocki,12
432,Catherine Owens,0
1171,Douglas Aarniokoski,36
2024,Bryan Barber,16
452,Lone Scherfig,92
1405,Drew Barrymore,0
865,Brian Koppelman,34
1201,James Foley,164
757,Albert Brooks,745
1694,Steve Gomer,9
1006,RZA,561
2130,Mark Piznarski,4
1900,Craig Brewer,153
952,David Raynr,9
1341,Mort Nathan,2
1566,Dan Curtis,45
1502,Wil Shriner,6
825,Martin McDonagh,454
636,Tina Gordon Chism,24
1728,Peter Cattaneo,11
176,Vicky Jenson,96
232,Mary Lambert,52
2162,Peter Kassovitz,0
356,Rodman Flender,6
2345,Katja von Garnier,18
1681,Mark Romanek,132
1077,Brad Anderson,122
651,Michael Chapman,70
2112,Antonio Banderas,0
2201,Khalil Sullins,5
2030,Fritz Lang,756
243,Hsiao-Hsien Hou,141
1816,Andrey Zvyagintsev,445
646,Tony Jaa,0
441,Ryhei Kitamura,129
1797,Darrell Roodt,36
1619,Dito Montiel,68
1496,Stefan Ruzowitzky,24
2142,Jake Paltrow,17
350,Juraj Jakubisko,15
1056,Anthony Silverston,0
1774,Gabe Ibez,19
1468,Gerry Lively,93
256,Sharon Greytak,0
1864,Daniele Luchetti,6
1599,Tung-Shing Yee,3
1424,Julien Temple,67
556,Gregory Jacobs,13
1913,Gilles Paquet-Brenner,15
1951,Peter Cousens,5
1814,Lars von Trier,3000
528,John Blanchard,0
361,John Cornell,5
681,Vidhu Vinod Chopra,34
2056,Jamie Blanks,9
2239,Randal Kleiser,116
312,Rick Famuyiwa,44
2148,Alan Cohn,0
1049,Franco Zeffirelli,160
2093,Tom Holland,85
1178,James Isaac,52
226,Emilio Estevez,0
1958,Josh Schwartz,90
1871,Julian Schnabel,232
566,Todd Field,143
1357,Davis Guggenheim,49
2159,Stephen Carpenter,12
1934,James Fargo,109
123,Alain Resnais,752
206,Chao-Bin Su,2
1045,Kenneth Lonergan,50
77,Bo Zenga,10
883,Danny Leiner,8
458,Christopher Cain,58
1727,Theodore Melfi,51
639,Ed Decter,13
1723,Gene Quintano,0
1015,Eric Bress,19
1588,Preston A. Whitmore II,17
1110,Kirk Wong,6
2374,Bronwen Hughes,15
2050,John Lafia,5
143,Sam Miller,12
768,Alex Garland,232
795,Mark Brown,7
1001,Michael Polish,35
1330,Daisy von Scherler Mayer,18
657,Lenny Abrahamson,412
30,Bob Saget,799
1282,John Waters,0
1902,Craig Bolotin,7
1179,Mark Christopher,15
174,Blair Hayes,2
1957,Jez Butterworth,16
1391,Olivier Assayas,107
300,Patrice Leconte,83
1993,Paul Mazursky,150
1453,Stephen Chbosky,139
1418,Jon Hess,29
1844,Joe Cornish,115
1909,John H. Lee,32
2306,John Stainton,0
736,Benedek Fliegauf,28
856,Paul Schrader,261
1611,Stewart Hendler,10
1192,John Cromwell,19
2209,Mark Herman,39
1010,Abel Ferrara,220
2013,Ethan Maniquis,20
1660,George Hickenlooper,60
1548,Je-kyu Kang,16
1866,William Dear,50
373,Stphane Aubier,2
1663,John Badham,139
1738,Mike McCoy,16
2222,Mike Judge,406
1311,Tamra Davis,33
701,Nima Nourizadeh,166
1531,Franklin J. Schaffner,76
682,John Erick Dowdle,66
389,David Moreau,0
399,Christopher Erskin,4
1536,Brian Henson,53
459,Dan Cutforth,4
1632,Josh Boone,131
2285,Jake Schreier,14
1402,Cheryl Dunye,17
1553,Ernest R. Dickerson,226
1555,Lionel C. Martin,3
1525,Wallace Wolodarsky,32
797,Nicholas Jarecki,27
1653,Dean Israelite,16
1806,Darnell Martin,67
1227,Scott Alexander,25
1197,Stuart Gordon,216
1237,Christopher Guest,378
1193,Jane Campion,319
1885,Fred Schepisi,40
1635,Antonia Bird,61
1005,Jon Poll,20
1113,Paolo Sorrentino,667
433,Peter Care,0
1894,Chan-wook Park,0
266,Ira Sachs,60
114,Carroll Ballard,19
2002,Takeshi Kitano,0
2355,Marco Kreuzpaintner,7
777,Lajos Koltai,45
2302,Alan Rudolph,18
927,Chuan Lu,14
1540,Lijun Sun,0
2381,Takashi Yamazaki,7
599,Christopher Smith,76
1881,Timothy Hines,0
1770,David Winters,49
787,Akira Kurosawa,0
1812,Jamie Thraves,2
1470,Mabel Cheung,3
1129,Dan Mazer,11
1226,R.J. Cutler,15
2,David S. Ward,42
971,Rob Pritts,5
134,John Crowley,34
118,Brendan Malloy,2
221,Dustin Hoffman,0
1307,Gregory Poirier,5
2336,Simon Curtis,64
2321,Dewey Nicks,4
746,Philip Saville,10
1542,Tim Blake Nelson,596
1038,William A. Graham,8
1920,Martin Ritt,58
338,John Turturro,0
621,Agnieszka Holland,238
1057,David Hackl,43
2045,Giuliano Montaldo,4
1519,Lisa Azuelos,15
648,Ray Lawrence,10
1071,Karan Johar,160
2277,Ruairi Robinson,7
774,Jaume Balaguer,57
979,Jon Kasdan,21
2177,La Pool,4
2385,Floyd Mutrux,11
637,Sajid Khan,0
748,Dean Wright,0
805,Eric Lartigau,7
29,Shintaro Shimosawa,29
745,Darren Lynn Bousman,163
1509,James DeMonaco,65
553,Ken Annakin,19
1331,Carol Reed,82
1383,Chuck Sheetz,6
1633,Marcus Raboy,7
1768,Leigh Whannell,482
1803,Michael Schultz,78
1570,Peter Sollett,6
1426,Bob Dolman,7
1912,Greg Coolidge,27
1253,David Lowery,38
2352,Ciarn Foy,11
1219,Salim Akil,70
2122,Olatunde Osunsanmi,58
1289,Leon Ichaso,5
1413,Joseph Zito,17
439,Patricia Rozema,22
2039,Rob Schmidt,36
1930,Robert Ben Garant,134
734,Morgan Spurlock,293
2242,Neal Brennan,23
622,Tuck Tucker,14
1813,Theodore Witcher,28
1942,Joel Edgerton,0
2255,Jim Hanon,2
2359,Michael Patrick Jann,31
806,Jorma Taccone,434
1521,Jeff Lowell,4
1098,Lorene Scafaria,63
1251,Marcus Dunstan,87
1036,Timothy Bjrklund,0
210,Franois Girard,63
2025,Scott Kalvert,9
811,Jason Bateman,0
2001,David Schwimmer,0
1100,Allan Arkush,13
1638,Eric Bross,49
2228,Dan Fogelman,102
970,Jay Duplass,157
1677,Luca Guadagnino,64
305,John Putch,60
1499,Peter Medak,34
818,Terence Davies,25
956,Harley Cokeliss,4
1053,Tom Brady,105
1558,Jason Zada,4
1448,Noah Baumbach,387
42,Eric Blakeney,3
2360,Rakesh Roshan,53
56,Derrick Borte,17
239,Richard Kwietniowski,23
487,Bob Odenkirk,0
1688,Joshua Seftel,0
1234,Vincent Gallo,787
2241,Claude Chabrol,324
255,Jon Stewart,593
816,Bigas Luna,163
1309,Ralph Fiennes,0
522,Dan Harris,24
1399,Mel Smith,302
694,Bobcat Goldthwait,800
2206,Jake Scott,26
315,Alan Metter,3
2269,Rafa Lara,21
168,Arthur Hiller,71
1318,Michael Meredith,7
290,Julio DePietro,0
1431,Katherine Dieckmann,8
1348,Kim Farrant,93
2392,Scott Marshall,7
1238,lex de la Iglesia,275
1991,Andrew Traucki,10
285,Michael Clancy,0
581,Robert Adetuyi,8
1527,Kari Skogland,13
1721,Taedong Park,0
1359,Benedikt Erlingsson,4
1111,Gurinder Chadha,98
1695,Jason Connery,110
565,Vic Sarin,24
1276,Jim Issa,5
1325,William Phillips,3
392,Andy Garcia,0
831,Amal Al-Agroobi,58
691,Sarik Andreasyan,9
2384,Julian Gilbey,7
2165,Gary Sherman,17
1781,Valeri Milev,6
1463,Stanley Kramer,176
879,Pedro Almodvar,0
240,Gerald Potterton,0
1343,Anurag Basu,116
1966,Kriv Stenders,25
1999,Yash Chopra,147
2134,Floria Sigismondi,50
1944,Ferzan Ozpetek,798
1956,Kris Isacsson,0
345,Ben Younger,46
1244,Daniel Taplitz,2
724,Tamara Jenkins,84
2227,Linda Mendoza,17
996,Hart Bochner,157
2071,Stewart Raffill,12
212,Hong-jin Na,43
1711,Chatrichalerm Yukol,6
1669,Dario Argento,930
1002,Eric Lavaine,0
592,Marc Forby,3
1155,Ole Christian Madsen,28
418,Meiert Avis,0
2170,Andr Tchin,25
542,Emily Young,6
1202,Peter Faiman,4
1102,Martyn Pick,4
1857,Roland Suso Richter,3
2249,Jeremy Sims,8
822,Mawenn,236
2373,Andrew Berends,0
1986,Joby Harold,8
1105,Ekachai Uekrongtham,3
2245,Mark Rydell,43
382,David E. Talbert,68
1411,Roger Vadim,35
1181,Nils Gaup,8
1435,Ari Sandel,17
585,Vondie Curtis-Hall,170
1482,Tom Elkins,14
303,Woo-Suk Kang,0
669,John Sayles,407
1114,Vipul Amrutlal Shah,11
2334,Ken Loach,644
1439,Ayan Mukerji,0
2098,Mervyn LeRoy,54
1576,Serdar Akar,11
3,James Frawley,21
513,Dan Gilroy,66
1386,Jonathan Dayton,36
1471,Chris Stokes,548
997,Don Siegel,152
755,Martin Lawrence,0
1763,Masayuki Ochiai,5
1938,Tom Gormican,19
1293,Ken Shapiro,2
867,Justin Tipping,2
2167,Peter R. Hunt,13
978,Doug Atchison,3
1624,Jonas Elmer,3
225,Mary Harron,126
1291,Erik Canuel,31
1910,Troy Duffy,78
1088,Nicole Holofcener,132
759,Matty Rich,10
1346,Fina Torres,26
2113,Duke Johnson,26
422,Franois Ozon,341
1478,Anna Boden,16
217,Steve James,23
2096,Michael Winner,136
2230,Tomm Moore,45
857,John Carney,109
2232,David Jacobson,12
2369,Michael Corrente,30
902,Edward Hall,0
2185,Keith Gordon,200
1438,Andrew Currie,8
1440,Andrew Wilson,387
1915,Marc Schlermann,3
2252,Robert Moresco,53
1096,Thomas Vinterberg,346
241,Claudia Llosa,43
1787,Charles Binam,2
15,Keith Parmer,2
1680,Ol Parker,21
2324,James Nunn,16
183,David Webb Peoples,73
169,Michael Winnick,155
886,Stanley Tong,7
1039,David Oelhoffen,2
2127,Eli Roth,0
1122,Tony Richardson,62
1971,Charles Robert Carner,18
527,Russell Holt,0
783,Claude Miller,27
1372,Sacha Bennett,22
1807,Rodrigo Garca,127
2370,Jeta Amata,20
941,Siddharth Anand,5
2046,Vincent Paronnaud,10
1081,Dennis Gansel,23
1012,Daniel Barber,12
2031,Robert Marcarelli,0
1833,Ernie Barbarash,249
2202,Guy Hamilton,82
1530,Adam Brooks,20
246,Michael Anderson,23
1353,Don Kempf,0
891,Matt Bettinelli-Olpin,14
1534,Sharron Miller,0
393,Aaron Schneider,11
53,Tom Ford,192
2091,Tony Maylam,6
1659,Mitch Davis,7
737,Kevin Brodie,0
2016,Lynne Ramsay,159
615,John Stephenson,0
1551,Tim Chambers,2
1997,Dick Richards,6
2179,Bob Gosse,10
344,Alex Zamm,43
2304,Spencer Susser,58
417,Thaddeus O'Sullivan,5
1621,Shari Springer Berman,30
1867,Aleksey German,23
706,Stephen Milburn Anderson,0
1783,Richard E. Grant,554
1082,David Lam,4
1557,Vladlen Barbe,0
1687,Robert C. Cooper,49
1392,Kim Nguyen,16
451,Jackie Earle Haley,0
1601,Max Frberbck,4
271,Arie Posin,3
905,Damian Nieman,0
1428,Mark Tonderai,13
1625,Ian Fitzgibbon,11
1714,Rachel Perkins,3
1249,Luis Valdez,7
2325,Alan Alda,0
2229,Louis Morneau,38
488,Caroline Link,11
101,Sterling Van Wagenen,0
1334,Zal Batmanglij,129
1734,Hans Petter Moland,19
1051,Oren Moverman,38
1607,Ian Sharp,9
1040,Wolfgang Becker,31
1216,Dan O'Bannon,228
228,George Roy Hill,131
1639,Robert Stevenson,55
430,Jerome Robbins,34
64,Gary Hardwick,10
2158,King Vidor,54
1168,Fred Savage,0
1856,Sammo Kam-Bo Hung,472
1246,Rusty Cundieff,38
600,Dominique Othenin-Girard,2
38,Jean-Jacques Mantello,0
1925,Risa Bramon Garcia,112
140,Brian Klugman,49
1772,Matt Piedmont,4
224,Raymond De Felitta,20
563,John Michael McDonagh,51
39,Deb Hagan,0
102,Zach Cregger,138
1845,Zach Braff,0
1464,Mark Tarlov,3
1573,John Cameron Mitchell,263
1541,Jon Knautz,10
791,David Atkins,8
1235,Patrick Stettner,5
1260,Sam Peckinpah,541
2319,Michael Crichton,735
1563,Sylvio Tabet,0
1713,Rick Bieber,11
1903,Joey Lauren Adams,781
1891,Fred Zinnemann,160
1074,S.R. Bindler,0
665,Greg Marcks,9
6,Perry Lang,17
499,Jake Goldberger,2
1922,William Kaufman,58
1303,Cdric Klapisch,82
876,Kate Barker-Froyland,4
1189,Martin Koolhoven,12
1977,Charles Matthau,139
1882,Christopher M. Bessette,0
2163,Prachya Pinkaew,64
551,Gary Sinyor,0
1007,Ashish R. Mohan,2
495,Darren Grant,0
248,Joseph Gordon-Levitt,23000
274,William Sachs,14
1241,Christophe Barratier,25
443,mile Gaudreault,9
1137,James Cox,10
2281,James Toback,56
335,Aki Kaurismki,592
1699,Hitoshi Matsumoto,17
364,Rakeysh Omprakash Mehra,85
1475,Collin Schiffli,4
1532,George Ratliff,3
803,Shane Meadows,222
602,Jon Wright,4
2332,Michael McGowan,12
81,Liv Ullmann,440
2250,Rohan Sippy,4
1327,Dan Trachtenberg,16
1819,David F. Sandberg,26
1328,Stiles White,10
76,Eugenio Derbez,399
1065,Henry Koster,28
127,Patty Jenkins,260
558,Christopher Landon,52
342,David Gelb,26
301,Mike Flanagan,59
349,Nat Faxon,214
1560,George Jackson,0
2380,Maurice Joyce,0
1771,Robert Duvall,3000
505,Frank Perry,24
177,Jesse Peretz,37
1580,Ice Cube,0
403,Richard Glatzer,25
390,Michael Curtiz,345
1445,Bruce Malmuth,6
370,Rob Hedden,6
500,Harmony Korine,520
912,Joe Chappelle,13
86,Mickey Liddell,7
904,Vicky Jewson,3
588,Fred Walton,17
1432,Steve Carver,8
468,Gonzalo Lpez-Gallego,17
1134,Christine Jeffs,19
1858,Don Coscarelli,152
568,Michael Tiddes,89
1884,Bill Duke,1000
1982,Frank Borzage,57
589,Mamoru Hosoda,99
1931,Brian Dannelly,12
326,Denys Arcand,66
2187,J.S. Cardone,23
1208,Jay Levey,3
1657,Nicholaus Goossen,4
385,Ronan Chapalain,0
2311,Xavier Beauvois,22
2338,Randall Miller,19
2156,Jerry Belson,3
1739,Dan Rush,7
613,Michael Cuesta,52
738,Fenton Bailey,13
1313,Jeremy Saulnier,57
1784,Billy Kent,0
1969,James Manera,0
1242,Feroz Abbas Khan,0
939,Errol Morris,239
65,Dennis Hopper,0
1138,Eli Craig,27
1693,Nicholas Fackler,6
1158,Richard Wallace,5
1150,Morgan J. Freeman,204
1822,Matthew Hastings,3
1200,Klaus Menzel,34
1702,Oren Peli,110
1949,Paul Andrew Williams,46
782,Jim Amatulli,0
1887,William H. Macy,0
2343,Barrett Esposito,0
950,Marc Bennett,3
2084,Mike Mayhall,14
1290,Stanton Barrett,20
1132,Jir Menzel,44
2291,Fatih Akin,766
220,Nick Murphy,58
1886,Frank LaLoggia,7
1004,Jeremy Brock,16
1231,Scott Foley,0
2066,Christophe Ali,0
1450,Gabriela Tagliavini,20
340,Shekar,0
1420,Shona Auerbach,11
654,Leonard Farlinger,0
829,Michel Leclerc,3
1892,Tom Kalin,4
1136,Robert Sarkies,0
1048,John Huston,1000
1708,Walter Lang,9
321,Carlos Saura,98
1220,Andrew Erwin,10
2004,Beto Gmez,5
1754,Mike van Diem,4
635,Jonas kerlund,68
230,Todd Solondz,377
1517,Ren Fret,0
1954,Barry Skolnick,0
2322,Johnnie To,143
562,Mateo Gil,3
1854,Lukas Moodysson,187
861,Agnieszka Wojtowicz-Vosloo,0
1061,Kabir Sadanand,0
1059,Peter DeLuise,358
2003,Raja Menon,6
536,Nick Love,63
832,R. Balki,12
1112,Ivan Engler,0
1070,Cecil B. DeMille,309
1948,Henry Hobson,9
1627,Mike Figgis,81
1747,Duane Journey,2
1149,Billy Wilder,0
554,Lisa Cholodenko,450
41,John Sturges,120
1701,William Arntz,0
1166,Ed Gass-Donnelly,8
1936,DJ Pooh,69
2115,James Melkonian,7
1895,Roger Avary,675
205,Allison Anders,99
518,Rick de Oliveira,2
1703,Jeff Franklin,24
1337,Mike Mills,101
152,Dave McKean,21
659,Ron Fricke,330
786,Ruggero Deodato,101
1379,Gavin Wiesen,19
894,Mora Stephens,5
2105,Mars Callahan,60
982,Leos Carax,227
2034,Stefan Schwartz,13
172,Robert Lee King,0
1682,Jorge Ramrez Surez,45
1345,Dan Ireland,137
1451,Fernando Len de Aranoa,58
72,Jim Mickle,53
49,Karim Anouz,19
2008,Sam Levinson,8
2054,Aleksandr Veledinskiy,0
793,Peter H. Hunt,0
972,Ruba Nadda,55
1906,Howard Hughes,177
1757,Edward Burns,0
1459,Sean Byrne,18
1826,Mark Griffiths,4
573,Bruce Macdonald,103
1022,Victor Fleming,149
517,Richard Raymond,10
275,Alan Jacobs,2
1735,George Sidney,24
2300,Christopher Morris,69
910,Andrucha Waddington,6
446,Peter Stebbings,89
450,Vincente Minnelli,136
2296,Dagur Kri,29
1932,Jim Abrahams,104
1020,Kevin Carraway,2
2298,Michael Gornick,10
16,Richard Brooks,174
1667,Robert Eggers,22
1636,Michael Martin,0
940,Gideon Raff,47
1876,Louis C.K.,0
70,Anthony C. Ferrante,48
739,Salvador Carrasco,22
1528,Andr vredal,12
67,Robert Cary,0
2361,Adam Rapp,9
557,Warren P. Sonoda,28
366,Amanda Gusack,0
1859,Avi Nesher,6
2078,Charles Adelman,0
379,Jay Oliva,41
546,Charles Ferguson,117
18,Mark Young,14
1456,Daniel Petrie Jr.,19
2317,Antonio Simoncini,0
1817,Luc Jacquet,10
2011,Eldar Rapaport,0
126,Clark Gregg,0
92,Damien Chazelle,141
1577,Justin Kerrigan,8
2284,Nathan Frankowski,19
60,Karen Moncrieff,22
609,Jennifer Finnigan,246
2330,Eric Styles,4
641,Laurent Cantet,39
1141,John Ford,673
1960,Max Mayer,6
1035,Joshua Marston,13
2362,John Gulager,38
336,Shyam Madiraju,0
1843,Brandon Cronenberg,43
157,Frank Capra,964
2164,Tod Williams,21
1104,Jack Sholder,28
2094,Ted Post,57
960,Kunihiko Yuyama,8
2197,Tom McLoughlin,41
1729,Jeff Crook,5
1115,Adam Marcus,18
309,John Maclean,85
1233,Benny Boom,23
1755,Howard Hawks,393
1148,Nnegest Likk,18
328,Christopher Leitch,4
980,Patricia Cardoso,15
733,Damien O'Donnell,70
347,Peter M. Cohen,0
680,Mel Stuart,21
423,Anthony Hickox,16
1505,Tom Schulman,45
1198,Jill Sprecher,11
1648,Darren Stein,18
130,David Nixon,13
331,Jason Eisener,59
268,Enrique Begne,0
901,Matthew Bright,9
936,Andrea Arnold,121
552,Whit Stillman,89
453,Leslye Headland,21
1203,Bobby Roth,40
2044,Tim Heidecker,78
1401,Kate Connor,27
1239,Deon Taylor,26
1737,Jason Alexander,700
726,Conor McPherson,0
603,Will Canon,8
371,Philip Zlotorynski,0
2219,Lance Kawas,66
1760,Francesca Gregorini,15
1804,Marcio Garcia,74
763,Craig Moss,19
2233,Michael Jai White,2000
2035,Paolo Monico,3
261,Youssef Delara,8
1315,Darin Scott,39
1025,Christian Sesma,9
2328,Monte Hellman,96
2257,Brian Caunter,0
1618,Chris D'Arienzo,7
259,Isaac Florentine,81
462,Susan Seidelman,39
662,Heidi Ewing,4
670,Leon Ford,18
596,Hank Braxtan,6
2236,John Carl Buechler,152
2116,Rajkumar Hirani,124
1862,Victor Nunez,9
317,Rohit Jugraj,2
877,Thorbjrn Christoffersen,0
419,Alex van Warmerdam,53
1037,Pawel Pawlikowski,84
150,Frank Sebastiano,3
1255,Stacy Peralta,147
1091,Nacho Vigalondo,76
1186,Hao Ning,0
1990,Tony Giglio,6
1608,Stanley Donen,134
1643,Joe Cross,65
2153,Dinesh D'Souza,67
1731,Tommy Lee Wallace,24
878,Don Taylor,11
719,Leslie Small,15
1670,ric Tessier,0
1796,Alison Maclean,7
216,Alice Wu,13
254,Sarah Gavron,34
1385,Isabel Coixet,148
445,James Ponsoldt,53
404,Joshua Tickell,9
2315,Tim Boxell,10
2331,Michael D. Sellers,0
323,Reed Cowan,0
401,James Dodson,8
1156,Alex Rivera,8
2053,John Murlowski,20
1089,Benni Diez,2
2040,Danny Perez,0
278,Robby Henson,9
162,Zackary Adler,0
2372,Dominic Burns,15
28,Carmen Marron,29
447,Jason Stone,14
579,Jerry Rees,115
1144,Jaco Booyens,37
1962,Danny Steinmann,13
2006,Michael Landon Jr.,84
1840,Jon Gunn,16
663,Hayley Cloake,0
2333,Tay Garnett,10
526,Harmage Singh Kalirai,11
2037,Rita Merson,5
1437,William Wyler,355
1429,Larry Clark,184
1654,Petter Nss,16
709,Robert Fontaine,7
2270,Dan Perri,0
21,Neil Mcenery-West,0
362,Anthony O'Brien,7
2335,Michael Herz,6
1836,David Robert Mitchell,421
851,Robert Mulligan,89
1032,Chia-Liang Liu,32
987,Chris Kentis,9
1998,Alex Kendrick,589
2058,Robert Rossen,31
211,Jack Conway,6
1008,Sylvain Chomet,162
329,Chris Eyre,149
1018,Elia Kazan,603
1126,Debra Granik,81
1662,Henry King,85
1162,Miranda July,244
815,Max Joseph,31
244,Jim Jarmusch,0
743,Kevin Tenney,85
2294,Ari Folman,56
456,Gary Rogers,0
2247,Marielle Heller,22
190,David Sington,90
424,Kelly Reichardt,129
154,Bob Giraldi,34
863,Huck Botko,10
1023,David Duchovny,0
1564,Mitchell Lichtenstein,53
394,Lance Mungia,4
1173,Kundan Shah,4
10,Hue Rhodes,0
1656,Jugal Hansraj,32
1342,Danny Provenzano,84
916,Bill Muir,19
531,Noah Buschel,8
119,Brian Yuzna,97
2171,Hunter Richards,11
414,Laurie Collyer,38
469,Aaron Hann,0
679,Phil Claydon,6
928,Ralph Ziman,5
1236,John Simpson,0
2251,Colin Minihan,6
490,Conor McMahon,5
991,Chris Shadley,0
780,Simon Napier-Bell,0
1510,Simon Yin,0
1644,Orson Welles,0
2314,Dave Payne,0
1773,Brad Copeland,8
1761,Paul Bunnell,5
1279,Phil Morrison,17
828,Harald Reinl,2
2085,Tanner Beard,531
1029,Scott Dow,6
2377,Derick Martini,20000
1801,Jerry Dugan,3
1919,Tim Hunter,28
1605,Richard Ayoade,0
628,Jehane Noujaim,63
319,Pascal Arnold,0
193,Remo,168
666,John Laing,0
618,Jamal Hill,47
1461,Daniel Stamm,13
1752,Carlos Carrera,12
1417,Benh Zeitlin,188
2364,J. Lee Thompson,88
2033,Maggie Greenwald,9
1748,Vera Farmiga,0
2172,Vijay Chandar,0
62,Jonathan Wacks,0
2014,Khyentse Norbu,28
619,Tony Krantz,15
742,Mitchell Altieri,9
1421,Dylan Bank,0
2067,W.D. Hogan,4
376,Corey Grant,21
1486,Lucky McKee,75
160,Richard Boddington,15
1116,David Hunt,0
2326,Steven R. Monroe,68
1689,Mark Illsley,3
1369,Ritesh Batra,25
2175,Sally Potter,87
533,Brad J. Silverman,11
1782,Dave Meyers,11
1497,David M. Matthews,8
1890,Nadine Labaki,0
218,Llus Qulez,0
598,Eytan Fox,21
1021,Romesh Sharma,0
758,Franois Truffaut,0
289,Adam Goldberg,1000
655,Travis Zariwny,4
1676,Adrienne Shelly,191
1811,Newt Arnold,15
1278,Alex Cox,92
383,Fabin Bielinsky,44
668,Dror Moreh,4
34,Rebecca Miller,58
22,Maggie Carey,38
1351,Henry Bean,21
35,Simeon Rice,6
1326,Jeff Garlin,522
128,Qasim Basir,13
66,Adam Green,134
1286,Charles Chaplin,0
1221,Pete Jones,18
1375,Bruce Campbell,0
44,Adam Carolla,102
2086,Bruce McDonald,49
2154,James Mottern,7
1878,Jaime Zevallos,228
644,Gerard Johnstone,3
437,Robert Greenwald,21
2184,David Ray,0
1575,Dave Rodriguez,11
427,Nae Caranfil,34
1352,David Winning,65
1880,Frank Lotito,5
2141,Timothy Woodward Jr.,764
2200,Tara Subkoff,37
19,Russell Friedenberg,9
292,William Cottrell,0
1620,Lucrecia Martel,33
1433,Edward Dmytryk,74
99,Zak Penn,87
2235,Alex Ranarivelo,20
229,Mathieu Amalric,412
1090,David Worth,58
71,Leslie H. Martinson,7
1617,Robert M. Young,0
1109,Steve Buscemi,12000
45,Ham Tran,5
632,Rich Cowan,7
2258,Boris Rodriguez,5
2282,Sadyk Sher-Niyaz,135
882,Paul Donovan,4
2264,Jonathan Kesselman,4
2278,Arjun Sablok,0
1883,Tyler Oliver,0
548,Douglas Cheek,4
942,Deryck Broom,11
2060,Henry Hathaway,83
799,Giovanni Zelko,4
1937,Claudia Sainte-Luce,0
729,Jamie Babbit,91
297,David Boyd,29
576,Anna Muylaert,9
191,Steve Taylor,14
302,Kurt Voss,0
985,James David Pasternak,0
538,Laurent Bouhnik,0
207,Tom Sanchez,0
1299,David Caffrey,4
2068,Adam Jay Epstein,0
237,Justin Thomas Ostensen,0
1945,Brenton Spencer,0
1827,Ossie Davis,282
893,Jay Alaimo,2
1579,Rob McKittrick,6
7,Jeff Burr,155
112,Harry Gantz,0
1959,Guy Maddin,126
1283,Regardt van den Bergh,12
89,Panos Cosmatos,22
852,Gareth Evans,338
744,Matthew R. Anderson,252
144,Joe Marino,0
2365,Joel Anderson,0
1872,Shimit Amin,6
353,Douglas Trumbull,136
201,Mona Fastvold,2
765,Levan Gabriadze,6
272,Courtney Hunt,33
284,Bradley Parker,18
2225,Clive Barker,385
700,Harold Cronk,18
913,Takao Okawara,2
1511,Duncan Tucker,2
1147,Russ Meyer,199
1593,Robert D. Webb,0
14,Allan Dwan,23
899,Andrew Steggall,0
506,Ben Lewin,20
692,Robert Kenner,11
2354,Craig Johnson,7
844,Sean Durkin,46
1272,Gillian Robespierre,9
449,Morgan Neville,9
1316,Chris Paine,2
842,Greg Berlanti,112
2135,Marc Levin,12
276,Richard Dutcher,13
1684,Khalid Mohamed,10
1789,Finn Taylor,4
227,Jos Luis Valenzuela,0
676,Gia Coppola,71
2190,Scandar Copti,13
1794,Goran Dukic,21
1174,Mike Cahill,135
1261,Efram Potelle,2
120,Joshua Oppenheimer,50
2318,Alex Gibney,141
482,Paul Crowder,10
265,Rohit Jagessar,0
764,Anthony Powell,9
524,Kief Davidson,0
1631,Johnny Remo,74
951,Vivek Agnihotri,5
661,Ti West,243
1591,Nick Tomnay,11
1389,Nickolas Perry,5
50,Dan Zukovic,8
640,Becky Smith,32
1176,Eric Nicholas,0
1500,Benjamin Dickinson,4
31,Hal Haberman,0
1664,A. Raven Cruz,0
720,Frank Whaley,436
649,Amat Escalante,50
1360,Wajahat Rauf,3
771,Katherine Brooks,57
1188,David Cross,0
219,Randall Rubin,0
222,Robert Bennett,15
747,Mary Pat Kelly,3
846,Lori Petty,923
1810,Charlie Levi,0
1422,Kevin Hamedani,23
293,David DeCoteau,142
2051,Mikel Rueda,0
486,Stefan C. Schaefer,0
1130,Michael Taliferro,105
2253,Katie Aselton,224
1846,Robert Heath,0
827,D. Stevens,6
948,Jeffrey St. Jules,0
1442,Robert Hall,53
1415,K. King,3
2022,Ralph Nelson,17
1184,Blair Erickson,0
1523,Allison Burnett,12
294,Richard Schenkman,29
2069,Sanjay Rawal,0
1083,Kat Coiro,28
2327,Cristian Mungiu,163
1142,Brian Dorton,171
976,Maryam Keshavarz,32
677,Ramaa Mosley,6
1970,C. Jay Cox,6
1210,Mariette Monpierre,0
1829,Tommy Oliver,66
286,Jamie Travis,15
1011,Rich Christiano,14
2303,Natalie Bible',8
1615,Asghar Farhadi,0
1483,Justin Molotnikov,5
515,Georg Wilhelm Pabst,21
862,Daniel Davila,0
2220,Jorge Gaggero,0
906,Michael Burke,3
1965,Catherine Jelski,0
1939,Shane Dawson,247
111,Ryan Little,38
410,Clark Baker,0
2350,Matt Maiellaro,8
2196,Ben Wheatley,214
1211,Oliver Blackburn,4
907,Christopher Hutson,3
106,David LaChapelle,30
1395,Caryn Waechter,0
1408,Emily Dell,0
1443,Ryan Fleck,31
2059,Jennifer Wynne Farmer,0
1319,Christopher Scott Cherot,21
1873,H.M. Coakley,0
1080,Randy Moore,13
1121,Chris Atkins,2
564,Bill Benenson,0
685,Ryan Smith,4
213,Travis Romero,4
2119,Anna Mastro,7
2018,Mark Sandrich,10
1344,Daniel Myrick,19
735,James Cameron,0
555,Gore Verbinski,563
1776,Sam Mendes,0
1078,Christopher Nolan,22000
2217,Andrew Stanton,475
625,Sam Raimi,0
922,Nathan Greno,15
1410,Joss Whedon,0
1117,David Yates,282
2180,Zack Snyder,0
874,Bryan Singer,0
464,Marc Forster,395
1583,Andrew Adamson,80
704,Rob Marshall,252
167,Barry Sonnenfeld,188
1584,Peter Jackson,0
728,Marc Webb,464
322,Ridley Scott,0
1119,Chris Weitz,129
2104,Anthony Russo,94
1384,Peter Berg,532
1388,Colin Trevorrow,365
147,Shane Black,1000
1874,Tim Burton,13000
1068,Brett Ratner,420
2316,Dan Scanlon,37
1668,Michael Bay,0
2168,Joseph Kosinski,364
472,John Lasseter,487
346,Martin Campbell,258
2191,Lee Unkrich,125
789,McG,368
722,James Wan,0
122,J.J. Abrams,14000
1454,Baz Luhrmann,1000
647,Mike Newell,179
88,Guillermo del Toro,0
2149,Steven Spielberg,14000
1582,Peter Sohn,113
1017,Mark Andrews,56
416,Justin Lin,681
511,Roland Emmerich,776
155,Robert Zemeckis,0
2109,Lana Wachowski,0
1335,Pete Docter,0
2193,Rob Letterman,11
107,Jon Favreau,4000
17,Martin Scorsese,17000
1092,Rob Cohen,357
2272,David Ayer,452
2240,Tom Shadyac,293
767,Doug Liman,218
1477,Kevin Reynolds,58
923,Stephen Sommers,208
1205,Rupert Sanders,274
712,Robert Stromberg,171
1562,Matt Reeves,198
1851,Roland Joff,596
2261,Carl Rinsch,47
1033,Mike Mitchell,31
574,Michael Wadleigh,14
611,Gene Teigland,0
1349,Scott Ziehl,4
1143,Richard Montoya,12
583,Johanna Schwartz,0
1243,William Gazecki,3
1793,Lance McDaniel,0
1297,Thomas Lilti,12
507,Michael Walker,5
1888,U. Roberto Romano,6
100,Amy Holden Jones,11
496,Blaz Zavrsnik,0
95,Pan Nalin,95
630,Joe Camp,24
838,Matt Walsh,490
1232,John 'Bud' Cardos,8
480,Marilyn Agrelo,2
2279,Brian Baugh,3
491,Patrick Creadon,3
2169,Barry W. Blaustein,6
1926,Kurt Hale,0
2137,Siddiq Barmak,6
1837,Joseph Dorman,0
1869,Greg Harrison,7
2203,Jacob Aaron Estes,9
1779,Eric Schaeffer,71
489,Neema Barnette,21
61,Joe Swanberg,217
1917,Molly Bernstein,0
1180,Marius A. Markevicius,6
2389,Tom DiCillo,32
1762,Quentin Dupieux,248
567,Alex Smith,12
2189,Gareth Edwards,380
47,Jonathan Parker,0
1484,Sol Tryon,0
2388,Alex Craig Mann,38
442,Stephen Kijak,3
2286,Daston Kalili,2
1069,Michael Hoffman Jr.,32
269,Patrick Gilles,0
605,Georgia Hilton,406
1565,Jack Heller,0
2126,Fernando Baez Mella,0
1908,Warren Sheppard,0
1792,Justin Paul Miller,0
109,Catherine Gund,0
1099,Luke Dye,0
1700,Alec Asten,5
1498,Hans Canosa,3
2047,Lloyd Kaufman,365
2280,Matthew Watts,0
821,Lloyd Bacon,24
2125,Joe Kenemore,0
1716,Kay Pollak,10
1571,Eric England,15
2212,Sue Corcoran,14
1488,Jonathan Caouette,20
964,Ray Griggs,4
116,Matt Jackson,0
1041,Lucio Fulci,385
1927,Paul Fox,3
1106,Ari Kirschenbaum,0
689,Cassandra Nicolaou,0
1606,Ingmar Bergman,0
1300,Roger Nygard,3
358,Harry Beaumont,4
2095,Franck Khalfoun,33
161,Mor Loushy,0
502,Henry Alex Rubin,30
1199,Sam Firstenberg,44
1940,Doug Block,0
859,Chad Kapper,0
440,Paul Fierlinger,3
465,Yorgos Lanthimos,252
543,Lauren Lazin,2
945,Gregory Widen,10
1554,Niall Johnson,7
11,Eric Mendelsohn,5
2133,Jean-Luc Godard,0
580,Florence Ayisi,0
320,Michael Roemer,0
421,Eddie O'Flaherty,3
1160,Babar Ahmed,0
1749,John D. Hancock,44
2070,Paul Bartel,43
386,Bruce Dellis,0
351,Pece Dingo,0
965,Jerome Elston Scott,3
1983,tienne Faure,77
1474,Herb Freed,5
1476,Jack Perez,19
875,Craig Zobel,25
1665,Ken Del Conte,2
1961,Maria Maggenti,4
352,Piyush Dinker Pandya,0
2183,Daniel Columbie,0
2378,Emma-Kate Croghan,0
2210,Bill Plympton,45
529,Drake Doremus,52
1994,Al Franklin,0
620,Michael Kang,269
1446,Lori Silverbush,5
2188,Stuart Hazeldine,17
1406,Hilary Brougher,0
2157,Rachel Goldenberg,7
2275,Corbin Bernsen,1000
961,Jamin Winans,63
43,Tom Seidman,3
493,Jason Naumann,2
245,Matt Cimber,32
1258,Sam Martin,0
2248,Andrew Hyatt,7
594,Kristin Rizzo,30
260,Ward Roberts,12
929,Zoran Lisinac,0
1046,James O'Brien,7
1616,Tom Putnam,15
749,Jon Shear,0
8,Al Silliman Jr.,0
1877,Eugne Louri,7
998,Lowell Sherman,16
1720,Maurizio Benazzo,0
880,David G. Evans,0
1248,Sherman Alexie,18
455,Justin Dillon,0
721,Stevan Mena,25
1329,Livingston Oden,0
2042,Chris Marker,121
740,Carl Theodor Dreyer,147
586,Marianna Palka,123
881,Ricki Stern,15
357,Nadia Tass,20
754,James Kerwin,0
1398,Majid Majidi,373
933,Andrew Haigh,131
2101,Cary Bell,0
1889,Nicolae Constantin Tanase,0
341,Melvin Van Peebles,101
575,Ken Roht,0
1943,Robinson Devor,14
812,Michel Orion Scott,0
1666,Pat Holden,6
2256,Eric Bugbee,0
1984,Bill Melendez,36
617,Dena Seidel,0
368,Deborah Anderson,4
1586,Sara Newens,0
1320,Sai Varadan,0
1298,Lynn Shelton,100
1640,Valentine,0
1322,David Hewlett,686
204,Nate Parker,664
40,Nathan Smith Jones,7
1212,Travis Cluff,3
1572,Robert Townsend,467
994,Jamaa Fanaka,9
896,Larry Blamire,56
845,Stephen Langford,7
2339,E.L. Katz,3
2382,Lisanne Pajot,0
671,Dan Reed,3
1835,John Reinhardt,2
871,Patrick Ryan Sims,0
974,Laslo Benedek,6
2347,Jason Miller,0
2387,Sut Jhally,3
1543,Julie Davis,12
1928,Myles Berkowitz,0
1623,Brett Piper,7
1013,Brandon Trost,32
380,Joseph Green,2
1163,Wade Gasque,0
2108,Daniel Schechter,8
873,Matt Johnson,8
2019,Bruno Barreto,9
532,Lena Dunham,969
1223,Terron R. Parsons,9
1204,Daniel Mellitz,0
367,Jem Cohen,6
693,Andrew Leman,2
796,Dave Carroll,0
1696,William Eubank,18
444,Patrick Meaney,3
1600,Chad Hartigan,3
1981,Malcolm Goodwin,117
710,Kevin Jordan,4
1151,Kirk Loudon,0
1294,Travis Legge,138
672,Collin Joseph Neal,14
1581,Bradley Rust Gray,2
2376,Mike Bruce,6
308,Andrew Bujalski,26
1118,Damir Catic,2
1614,James Bidgood,0
2288,Eric Eason,3
897,Joseph Mazzella,0
1569,Marcus Nispel,158
2103,Brandon Landers,8
339,Jim Chuchu,0
1841,Daryl Wein,38
1995,Jason Trost,91
1472,Jafar Panahi,397
717,Ivan Kavanagh,18
909,Kiyoshi Kurosawa,62
1732,Tadeo Garcia,5
1252,Thomas L. Phillips,120
1030,Ash Baron-Cohen,3
1107,Shane Carruth,291
1598,Neill Dela Llana,0
1218,Anthony Vallone,2
1578,Scott Smith,2
311,Benjamin Roberds,0
129,Daniel Hsia,0
